{"cameraMode":{"drawMode":0,"name":"Shaded","section":"Shading Mode"},"sceneLighting":true,"audioPlay":false,"sceneViewState":{"m_AlwaysRefresh":false,"showFog":true,"showSkybox":true,"showFlares":true,"showImageEffects":true,"showParticleSystems":true,"showVisualEffectGraphs":true,"m_FxEnabled":true},"in2DMode":false,"pivot":{"x":-2.1497325897216799,"y":15.223331451416016,"z":85.63734436035156},"rotation":{"x":0.05609586462378502,"y":-0.6162760257720947,"z":0.04407155513763428,"w":0.7843005061149597},"size":63.85791778564453,"orthographic":false}